<?xml version="1.0" encoding="utf-8"?>
<soap:Envelope xmlns:soap="http://schemas.xmlsoap.org/soap/envelope/" xmlns:xsi="http://www.w3.org/2001/XMLSchema-instance" xmlns:xsd="http://www.w3.org/2001/XMLSchema">
	<soap:Body>
		<FooBarResponse xmlns="http://foo.com/2010">
			<FooBarResult>
				<ResponseStatus>
					<Status>
						<PassFail>Pass</PassFail>
						<ErrorCode />
						<MessageDetail />
					</Status>
				</ResponseStatus>
				<FooBar>true</FooBar>
			</FooBarResult>
		</FooBarResponse>
	</soap:Body>
</soap:Envelope>